question,answer
How do I sign up for Bagel's services?,You can sign up for Bagel by visiting our website at bagel.net and clicking on the 'Get Started' button.
What steps do I need to take to register with Bagel?,"To register, go to bagel.net, hit the 'Get Started' button, and follow the prompts to create your account."
How can I create an account on Bagel's platform?,"Creating an account is easy! Just visit bagel.net, select 'Get Started,' and fill in the required information."
Could you guide me through the sign-up process for Bagel?,"Sure thing! Head over to bagel.net, click 'Get Started,' and follow the steps to create your account."
What's the procedure to get started with Bagel's services?,"To get started, visit bagel.net and click 'Get Started' to create your account. Super simple!"
Is there a trial version available for new users?,"Yes, Bagel offers a free trial for new users. Just sign up at bagel.net to try it out."
Do you offer a free trial for newcomers to Bagel?,Definitely! We offer a free trial for new users. Head to bagel.net to get started!
Can new users test Bagel's services before purchasing?,Absolutely! You can sign up for a free trial at bagel.net to test the platform before committing.
Is it possible to try out Bagel's platform without immediate commitment?,"Yes, new users can sign up for a free trial and explore Bagel’s platform without any commitment. Visit bagel.net to sign up."
Are there any demo accounts or trial periods for first-time users?,"Yes, we offer a free trial for first-time users. You can sign up at bagel.net and give Bagel a try!"
What are the steps to integrate my AI application with Bagel's ecosystem?,"To integrate your AI application, sign up at bagel.net and explore the APIs and SDKs available in the developer section."
How can I connect my existing AI app to Bagel's network?,You can connect your existing AI app by signing up at bagel.net and following the integration instructions in the developer documentation.
Could you explain how to integrate my AI application with your platform?,"Sure! Sign up at bagel.net, then head over to the API documentation for step-by-step instructions on integrating your AI app."
What is the process for linking my AI software to Bagel's ecosystem?,"To link your AI software with Bagel, sign up on bagel.net, then access the developer documentation for integration guides."
How do I incorporate Bagel's services into my AI application?,You can incorporate Bagel’s services into your AI app by signing up at bagel.net and exploring the developer resources for integration support.
Do you offer onboarding support for new customers?,"Yes, Bagel offers onboarding support to help new customers get started smoothly. Check out bagel.net to learn more about onboarding resources."
Is there assistance available to help new users get started with Bagel?,"Yes, Bagel offers assistance for new users to help them get started. You can access support and resources after signing up at bagel.net."
Does Bagel provide onboarding services for first-time clients?,"Yes, Bagel provides onboarding services to ensure first-time clients have a smooth setup experience. You can explore these services at bagel.net."
Can I receive guidance or support while setting up Bagel for the first time?,"Yes, Bagel offers support to guide you through the setup process. You can find more information and reach out for help at bagel.net."
Are there onboarding programs to help new customers learn the platform?,"Yes, Bagel offers onboarding programs to help new users become familiar with the platform. These resources are available after signing up at bagel.net."
Where can I find the documentation or SDKs to get started?,You can find the documentation and SDKs to get started on Bagel by visiting the developer section at bagel.net.
Where are the developer resources and SDK downloads located?,Developer resources and SDK downloads are available on the website in the developer section. Visit bagel.net to access them.
How can I access Bagel's documentation and software development kits?,Bagel’s documentation and SDKs can be accessed in the developer section on bagel.net. Sign up and explore the available resources.
Could you point me to where I can find the APIs and guides for Bagel?,You can find Bagel’s APIs and integration guides in the developer section at bagel.net. Let me know if you need help navigating!
Where do I find technical documents and tools to begin using Bagel's services?,"All technical documents and tools, including APIs and SDKs, can be found in the developer section on bagel.net."
What APIs does Bagel provide for developers?,Bagel provides a variety of APIs for developers to integrate AI and machine learning capabilities into their applications. You can find all the available APIs at bagel.net.
Which APIs are available to developers through Bagel?,"Bagel offers multiple APIs to developers, including those for AI model deployment, data processing, and more. Check out the full list of APIs at bagel.net."
Can you tell me about the developer APIs that Bagel offers?,"Bagel provides APIs for model management, real-time data processing, and more. Developers can explore these options in the API documentation available at bagel.net."
What kinds of application programming interfaces does Bagel provide?,"Bagel offers APIs for various AI and machine learning tasks, including data ingestion, model deployment, and monitoring. Learn more about our API offerings at bagel.net."
What API options does Bagel make accessible for developer use?,"Bagel makes APIs accessible for integrating AI, machine learning, and data processing into your applications. Explore the full range of options at bagel.net."
Which programming languages are supported?,"Bagel supports several programming languages including Python, Java, and more. You can find the full list of supported languages in our documentation at bagel.net."
What programming languages can I use with Bagel's platform?,"You can use multiple programming languages with Bagel's platform, including Python, Java, and more. Check out the documentation for a complete list at bagel.net."
"Does Bagel support multiple coding languages, and which ones are they?","Yes, Bagel supports multiple coding languages such as Python, Java, and others. You can find more information about supported languages in our developer resources at bagel.net."
In which programming languages are Bagel's SDKs or libraries available?,"Bagel’s SDKs and libraries are available in several languages, including Python and Java. Visit the developer section at bagel.net for more details."
Can you specify the languages compatible with Bagel's development tools?,"Bagel’s development tools are compatible with multiple languages like Python, Java, and more. You can explore the full compatibility list at bagel.net."
Can I integrate Bagel with my existing AI systems?,"Yes, you can integrate Bagel with your existing AI systems. Check out our API documentation at bagel.net for integration options."
Is it possible to connect my current AI setup with Bagel's ecosystem?,"Yes, it is possible to connect your current AI setup with Bagel's ecosystem. Visit bagel.net to explore integration guides and resources."
Can Bagel work alongside the AI systems I already have?,"Yes, Bagel can work alongside your existing AI systems. You can integrate them using our APIs, which are documented at bagel.net."
How do I incorporate Bagel into my existing AI infrastructure?,You can incorporate Bagel into your existing AI infrastructure by using our APIs and SDKs. Detailed instructions are available in the developer documentation at bagel.net.
Does Bagel allow integration with pre-existing AI solutions I use?,"Yes, Bagel allows integration with pre-existing AI solutions. You can follow our integration guides and documentation at bagel.net."
What are the hardware requirements for running Bagel's infrastructure?,"Bagel runs on cloud infrastructure, so you don't need any special hardware to get started. Check out bagel.net for more details about system requirements."
What kind of hardware do I need to use Bagel's services?,"Bagel is cloud-based, so you don't need any specific hardware to use our services. You can access the platform from any standard system. Learn more at bagel.net."
Are there specific system requirements for operating Bagel's platform?,There are no strict system requirements since Bagel is cloud-based. All you need is a stable internet connection and a browser. More information is available at bagel.net.
What hardware specs are necessary to run Bagel's infrastructure effectively?,"Bagel operates in the cloud, so you don't need specialized hardware. You can access our services from most standard devices. Check bagel.net for more details."
Do I need special equipment to utilize Bagel's machine learning ecosystem?,No special equipment is needed to utilize Bagel’s machine learning ecosystem as it is fully cloud-based. You can get started by signing up at bagel.net.
Does Bagel support on-premises deployment?,"Currently, Bagel is a cloud-based platform, and we do not support on-premises deployment. For more information, visit bagel.net."
Is it possible to deploy Bagel's platform within my own infrastructure?,"Currently, Bagel is cloud-based and does not support deployment within private infrastructure. You can learn more about our cloud offerings at bagel.net."
Can I run Bagel on-premises instead of using cloud services?,"Bagel does not currently offer an on-premises version. The platform is fully cloud-based, and all services are accessible online. More details are available at bagel.net."
Does Bagel offer options for on-site deployment?,"At the moment, Bagel operates exclusively as a cloud-based platform and does not offer on-site deployment options. You can explore our services at bagel.net."
Are there versions of Bagel that support on-premises installation?,"No, Bagel does not offer an on-premises installation. The platform is designed for cloud-based deployment, which you can explore at bagel.net."
How does Bagel ensure privacy in machine learning?,"Bagel ensures privacy in machine learning by using secure data handling protocols, encryption, and privacy-preserving techniques. For more details, visit bagel.net."
What methods does Bagel use to maintain privacy in its machine learning processes?,"Bagel uses encryption, access control, and privacy-preserving machine learning techniques to maintain user privacy. Learn more about these measures at bagel.net."
In what ways does Bagel protect user data during machine learning operations?,"Bagel protects user data through encryption, secure data handling practices, and strict access control during machine learning processes. More details are available at bagel.net."
How does Bagel keep machine learning activities confidential and secure?,Bagel ensures confidentiality by employing encryption and secure data storage practices during all machine learning operations. Learn more about these practices at bagel.net.
Can you explain how Bagel safeguards privacy within its ML ecosystem?,"Bagel safeguards privacy through encryption, data anonymization, and secure handling practices across its machine learning ecosystem. Visit bagel.net for more details."
What cryptography schemes are used for privacy-preserving ML?,Bagel employs advanced encryption and cryptographic methods such as homomorphic encryption and differential privacy to ensure secure machine learning processes. Learn more at bagel.net.
Which cryptographic methods does Bagel employ to secure machine learning?,"Bagel uses various cryptographic methods, including encryption and privacy-preserving techniques like differential privacy, to secure machine learning. Find more details at bagel.net."
Can you detail the encryption techniques used by Bagel for privacy in ML?,"Bagel uses modern encryption techniques, including data encryption at rest and in transit, to ensure privacy in machine learning operations. More details can be found at bagel.net."
What types of cryptography does Bagel implement to preserve privacy in machine learning?,"Bagel implements cryptographic methods such as encryption, anonymization, and differential privacy to preserve privacy during machine learning. Learn more at bagel.net."
How does Bagel use cryptography to enable secure machine learning practices?,"Bagel employs encryption for data storage, data in transit, and uses privacy-preserving cryptographic techniques to secure machine learning processes. Visit bagel.net for details."
How is data secured and encrypted within the network?,"Bagel ensures data security by encrypting data at rest and in transit, using industry-standard encryption protocols. More information can be found at bagel.net."
What measures are in place to encrypt and protect data on Bagel's network?,Bagel uses encryption protocols like AES-256 for data at rest and TLS for data in transit to ensure data is protected within the network. Check bagel.net for details.
How does Bagel secure data transmission and storage within its ecosystem?,Bagel secures data transmission with TLS encryption and protects stored data with AES encryption. You can find out more about our security practices at bagel.net.
In what ways is data encryption implemented across Bagel's platform?,"Bagel implements data encryption for both data at rest and data in transit, following industry-standard security protocols. Learn more at bagel.net."
Can you explain how Bagel ensures the security and encryption of data?,"Bagel ensures data security through encryption, access control, and constant monitoring to prevent unauthorized access. More details can be found at bagel.net."
How does Bagel comply with data protection regulations like GDPR?,"Bagel complies with GDPR by following strict data protection measures such as data encryption, user consent management, and data anonymization. More info is available at bagel.net."
What steps does Bagel take to adhere to regulations such as GDPR?,"Bagel adheres to GDPR and other data regulations by employing data encryption, secure storage, access control, and privacy policies that align with regulatory requirements. More details are available at bagel.net."
How is Bagel ensuring compliance with data protection laws?,"Bagel ensures compliance with data protection laws through strict encryption, access control, and privacy policies aligned with regulations like GDPR. More info is available at bagel.net."
Can you explain Bagel's approach to meeting GDPR and similar regulations?,"Bagel meets GDPR and similar regulations by encrypting data, obtaining user consent, and ensuring data privacy through robust security practices. For more details, visit bagel.net."
In what ways does Bagel's platform align with data privacy requirements?,"Bagel’s platform aligns with data privacy requirements through data encryption, anonymization, access control, and adherence to international regulations like GDPR. More info is available at bagel.net."
What measures are in place to prevent data breaches?,"Bagel uses encryption, access control, network monitoring, and regular security audits to prevent data breaches. Learn more about these measures at bagel.net."
How does Bagel protect against unauthorized data access or breaches?,"Bagel protects against unauthorized access with encryption, multi-factor authentication, and real-time monitoring to detect and prevent breaches. More details are available at bagel.net."
What security protocols does Bagel use to prevent data leaks?,"Bagel uses protocols such as AES-256 encryption for data storage, TLS for data transmission, and regular security audits to prevent data leaks. More info can be found at bagel.net."
Can you describe the safeguards Bagel has for preventing data breaches?,"Bagel safeguards data by using encryption, multi-factor authentication, access control, and real-time security monitoring to prevent breaches. Learn more at bagel.net."
In what ways does Bagel's platform defend against security threats?,"Bagel defends against security threats by implementing encryption, real-time monitoring, intrusion detection systems, and regular security updates. More details are available at bagel.net."
How does the peer-to-peer network function?,"Bagel’s peer-to-peer network functions by allowing nodes to interact directly with each other without central authority, ensuring decentralized control. Learn more at bagel.net."
How does Bagel's peer-to-peer network operate?,"Bagel's peer-to-peer network operates by connecting nodes that share and verify data among themselves, creating a decentralized system. More details can be found at bagel.net."
Can you explain how the P2P network works in Bagel?,"In Bagel’s P2P network, each node communicates directly with others to exchange data and ensure redundancy without central oversight. More about the P2P system is available at bagel.net."
What is the mechanism behind your peer-to-peer system?,"Bagel's peer-to-peer system relies on distributed nodes that exchange data and verify transactions directly, ensuring decentralization. Learn more about the mechanism at bagel.net."
How do nodes interact within Bagel's peer-to-peer network?,"Nodes in Bagel's peer-to-peer network interact by exchanging data and verifying each other’s actions, ensuring a decentralized and secure environment. Learn more at bagel.net."
"What makes Bagel's machine learning ecosystem ""credibly neutral""?","Bagel’s machine learning ecosystem is credibly neutral because it operates without bias or preference, ensuring that all users and applications are treated equally. More details can be found at bagel.net."
Why is Bagel's ML ecosystem considered credibly neutral?,Bagel’s ML ecosystem is considered credibly neutral due to its decentralized nature and lack of bias in how machine learning tasks are handled. Learn more at bagel.net.
How does Bagel ensure neutrality in its machine learning platform?,Bagel ensures neutrality by utilizing decentralized technologies and unbiased algorithms that prevent preferential treatment. More about this can be found at bagel.net.
What features contribute to the credible neutrality of Bagel's system?,"Features like decentralized architecture, unbiased algorithms, and equal treatment of nodes contribute to Bagel’s credible neutrality. You can explore this further at bagel.net."
Can you explain what makes your machine learning environment unbiased and neutral?,Bagel’s machine learning environment is unbiased and neutral because of its decentralized structure and algorithms that ensure fairness in all processes. Visit bagel.net for more info.
How does Bagel support both human and artificial intelligence interactions?,"Bagel supports collaboration between humans and AI by providing tools that allow seamless interaction, such as AI-driven insights and human oversight features. Learn more at bagel.net."
In what ways does Bagel facilitate collaboration between humans and AI?,Bagel facilitates collaboration by enabling human users to guide AI models through inputs and receive real-time feedback from the AI system. Explore more at bagel.net.
How does your platform enable interactions between human users and AI systems?,"Bagel enables interactions between human users and AI systems by offering interfaces where humans can provide inputs, and AI models can provide actionable insights. More details are available at bagel.net."
What features allow Bagel to support both human intelligence and artificial intelligence?,"Bagel supports both human and artificial intelligence through collaboration tools, AI-driven insights, and interactive interfaces that allow humans to guide AI models. Learn more at bagel.net."
Can you explain how Bagel bridges the gap between human and machine intelligence?,"Bagel bridges the gap between human and machine intelligence by offering interactive platforms where human input and AI output work together in real-time. For more info, visit bagel.net."
What types of data can be processed through Bagel?,"Bagel can process various types of data including structured, unstructured, time-series, and multimedia data. You can find more details about compatible data types at bagel.net."
Which kinds of data are compatible with Bagel's platform?,"Bagel supports a wide range of data formats including structured, unstructured, and semi-structured data. For more information on compatible data types, check out bagel.net."
What data formats does Bagel support for processing?,"Bagel supports data formats such as JSON, CSV, XML, and more. Visit the developer documentation at bagel.net for a full list of supported formats."
Can you specify the types of data that can be used within Bagel?,"Bagel can handle structured data, unstructured text, images, video, and time-series data. You can explore the full range of data types supported at bagel.net."
What variety of data can be handled by Bagel's ecosystem?,"Bagel's ecosystem can handle structured, unstructured, and semi-structured data, along with multimedia formats like images and videos. Learn more at bagel.net."
How scalable is the Bagel infrastructure for handling large datasets?,"Bagel’s infrastructure is highly scalable, allowing it to manage and process large datasets efficiently. More information on scalability is available at bagel.net."
Can Bagel's platform handle big data efficiently?,"Yes, Bagel is designed to handle big data efficiently, providing tools for large-scale data processing and analysis. Learn more about big data capabilities at bagel.net."
How well does Bagel scale with increasing data volumes?,"Bagel scales seamlessly with increasing data volumes, thanks to its flexible infrastructure and auto-scaling features. Explore our scalability features at bagel.net."
Is Bagel capable of managing large-scale datasets effectively?,"Yes, Bagel is fully capable of managing large-scale datasets with its robust data processing infrastructure. Find out more about handling large datasets at bagel.net."
What is the scalability of Bagel's infrastructure for big data processing?,"Bagel’s infrastructure is highly scalable and optimized for big data processing, allowing you to scale up as your data needs grow. Learn more at bagel.net."
What are the pricing plans for using Bagel's services?,"Bagel offers a range of pricing plans to suit different needs, from basic to premium options. You can find detailed pricing information at bagel.net."
How much does it cost to use Bagel's services?,The cost of using Bagel’s services depends on the plan you choose. We offer various pricing tiers to fit different budgets. Visit bagel.net for pricing details.
Can you provide details on Bagel's subscription options?,"Bagel provides multiple subscription options, ranging from free trials to premium plans with advanced features. You can explore all the subscription options at bagel.net."
What are the available pricing tiers for Bagel's platform?,"Bagel offers several pricing tiers, from a free plan to premium options with advanced features. You can review all the pricing tiers at bagel.net."
"What does Bagel charge for its services, and what plans are offered?","Bagel offers different plans based on usage and features, with pricing that ranges from basic free trials to premium services. Check out the full pricing structure at bagel.net."
Are there any additional fees for premium features?,"Yes, some premium features may come with additional fees, depending on your chosen plan. You can review the pricing for premium features at bagel.net."
Do premium features come with extra charges?,"Certain premium features may incur extra charges, depending on your plan. Detailed pricing for premium options can be found at bagel.net."
Are there additional costs for advanced functionalities?,"Yes, advanced functionalities may come with additional costs depending on your subscription plan. Please refer to the pricing page at bagel.net for specifics."
Will I be charged more for accessing Bagel's premium services?,Premium services on Bagel may have extra charges depending on the plan you select. You can find detailed pricing information for premium services at bagel.net.
Is there an extra fee to unlock the advanced features on Bagel's platform?,"Yes, some advanced features on Bagel’s platform may come with an additional fee, depending on your subscription plan. For more details on premium features, visit bagel.net."
How does billing work for enterprise customers?,"Enterprise customers receive customized billing based on their usage and needs. Invoices are generated according to the chosen plan, and you can learn more by contacting sales at bagel.net."
What is the billing process for large business clients using Bagel?,"Large business clients are billed according to their enterprise-level agreement, with custom invoicing and payment terms. More details can be found by contacting sales at bagel.net."
Can you explain how enterprise-level pricing and billing are managed?,"Enterprise-level pricing is based on custom usage agreements, and billing is handled through tailored invoicing. For more details, you can contact Bagel’s enterprise sales team at bagel.net."
How are corporate customers invoiced for Bagel's services?,Corporate customers receive customized invoices based on their usage and plan. Bagel’s billing for enterprises includes detailed reports. Contact sales at bagel.net for more information.
What are the payment terms and billing cycles for enterprise plans?,"Payment terms and billing cycles for enterprise plans are typically customized and can be arranged according to business needs. For more specific details, please contact our enterprise sales team at bagel.net."
Do you offer discounts for educational or nonprofit organizations?,"Yes, Bagel offers discounts for educational institutions and nonprofit organizations. You can learn more about eligibility and apply for discounted pricing at bagel.net."
Are there special rates for schools or nonprofit entities?,"Yes, Bagel provides special rates for schools and nonprofit entities. To inquire about pricing and eligibility, visit bagel.net or contact our support team."
Does Bagel provide discounted pricing for educational institutions?,"Yes, Bagel offers discounted pricing for educational institutions. You can contact us for more information and to see if your institution qualifies at bagel.net."
Can nonprofits get a reduced price on Bagel's services?,"Yes, nonprofits can apply for reduced pricing on Bagel’s services. For more details and to apply, visit bagel.net."
Are discounts available for academic or charitable organizations using Bagel?,"Yes, Bagel offers discounts for academic and charitable organizations. You can check eligibility and apply for discounted rates at bagel.net."
Can I get a detailed quote based on my usage needs?,"Yes, Bagel offers personalized quotes based on your specific usage needs. To request a detailed quote, visit bagel.net and contact our sales team."
Is it possible to receive a personalized pricing estimate?,"Yes, you can request a personalized pricing estimate by contacting Bagel’s sales team at bagel.net. They will work with you to provide a custom quote based on your needs."
Can you provide a custom quote tailored to my requirements?,"Yes, Bagel provides custom quotes tailored to your specific requirements. For a detailed cost estimate, reach out to our sales team at bagel.net."
How can I obtain a detailed cost breakdown for my specific usage?,"To obtain a detailed cost breakdown, you can contact Bagel’s sales team, who will generate a pricing plan based on your usage needs. Visit bagel.net for more information."
Can I get a pricing plan that's customized based on what I need?,"Yes, Bagel offers customized pricing plans based on your specific needs. You can request a personalized pricing plan through our sales team at bagel.net."
Is technical support available 24/7?,"Yes, Bagel offers 24/7 technical support to all users. You can reach our support team at any time via bagel.net."
Does Bagel offer round-the-clock technical support?,"Yes, Bagel provides round-the-clock technical support, ensuring that assistance is available whenever you need it. Contact our support team at bagel.net."
"Can I reach technical assistance at any time, day or night?","Yes, Bagel’s technical support team is available 24/7, so you can reach assistance any time, day or night. Visit bagel.net for support options."
"Is your support team available 24 hours a day, 7 days a week?","Yes, Bagel’s support team is available 24 hours a day, 7 days a week. If you need help, contact our technical support through bagel.net."
Do you provide continuous customer support for technical issues?,"Yes, Bagel provides continuous customer support for technical issues, available 24/7. Reach out anytime through bagel.net."
How can I report bugs or issues?,You can report bugs or issues by contacting our support team through the help center at bagel.net. We appreciate your feedback and are here to help resolve any problems.
What is the process for reporting a problem or glitch I encounter?,"To report a problem or glitch, visit the support page on bagel.net, where you can submit a detailed report. Our team will look into it as soon as possible."
Where should I submit bug reports or technical issues?,"You can submit bug reports and technical issues through our support center at bagel.net. Simply fill out the form, and we’ll take care of it."
How do I notify Bagel about any errors or malfunctions in the platform?,"To notify us about any errors or malfunctions, please reach out via our support page at bagel.net, and we’ll get back to you promptly."
What's the best way to inform you of any issues I've found?,The best way to inform us of any issues is by submitting a support ticket at bagel.net. We’re committed to resolving any problems quickly!
Are there tutorials or guides for new users?,"Yes, Bagel offers tutorials and guides for new users to help you get started. You can find these resources at bagel.net."
Do you have instructional materials to help beginners get started?,Absolutely! We have instructional materials designed to help beginners get started. You can explore these resources at bagel.net.
Where can I find user guides or tutorials for Bagel's platform?,User guides and tutorials for Bagel’s platform are available at bagel.net in the help section. Check them out to learn more about our platform!
Are there any resources available to learn how to use Bagel?,"Yes, Bagel offers various resources, including guides, tutorials, and videos to help you learn how to use the platform. You can find them at bagel.net."
Can new users access manuals or walkthroughs to understand the platform?,"Yes, new users can access manuals and walkthroughs to better understand the platform. These resources are available in our help section at bagel.net."
Does Bagel offer training sessions or workshops?,"Yes, Bagel offers training sessions and workshops to help users learn more about the platform. You can sign up for these at bagel.net."
Are there any training programs or workshops I can attend?,"Yes, Bagel offers training programs and workshops for users. Visit bagel.net to learn more about upcoming sessions and how to sign up."
Do you provide live training sessions for users?,"Yes, Bagel provides live training sessions for users. You can check the schedule and sign up at bagel.net."
Can I enroll in workshops to learn more about Bagel's services?,"Yes, you can enroll in workshops to learn more about Bagel’s services. Head over to bagel.net for more information on upcoming workshops."
Does Bagel host educational events or webinars?,"Yes, Bagel hosts educational events and webinars. You can stay updated on these events by visiting bagel.net."
Is there a community forum or user group I can join?,"Yes, Bagel has a community forum where users can interact, ask questions, and share experiences. You can join the forum at bagel.net."
Does Bagel have an online community where users can interact?,"Yes, Bagel offers an online community where users can connect and interact. You can join the community at bagel.net."
Can I join a forum or group to discuss Bagel-related topics with others?,"Yes, Bagel offers a forum where users can discuss topics related to the platform. You can join the conversation at bagel.net."
Are there any user groups or communities for Bagel customers?,"Yes, there are user groups and communities for Bagel customers. You can connect with other users by joining our online community at bagel.net."
Is there a place where I can connect with other Bagel users?,"Yes, you can connect with other Bagel users in our online community forum. Join the discussion at bagel.net."
What is the uptime guarantee for Bagel's services?,Bagel offers a strong uptime guarantee to ensure reliability and performance. You can find details about our uptime guarantee and SLAs at bagel.net.
How much service uptime does Bagel promise?,Bagel promises high availability with a strong uptime guarantee. You can learn more about our uptime commitment by visiting bagel.net.
What level of availability can I expect from Bagel's services?,You can expect a high level of availability from Bagel's services. Our platform is designed for reliability and performance. More details are available at bagel.net.
Does Bagel offer any guarantees regarding service uptime percentages?,"Yes, Bagel offers service uptime guarantees, ensuring consistent availability. You can check our uptime percentages in the service-level agreements at bagel.net."
What is the expected service reliability for Bagel's platform?,"Bagel’s platform is built for high reliability, ensuring minimal downtime. Visit bagel.net for details on service reliability and uptime commitments."
Are there any service-level agreements (SLAs) in place?,"Yes, Bagel offers service-level agreements (SLAs) to ensure performance and reliability standards. You can explore our SLAs at bagel.net."
Does Bagel provide SLAs to its customers?,"Yes, Bagel provides formal SLAs to customers, guaranteeing service performance and uptime. You can find more information at bagel.net."
Are formal service-level agreements available with Bagel's services?,"Yes, formal SLAs are available with Bagel’s services. These agreements outline performance and uptime standards. You can view SLAs at bagel.net."
Can I obtain an SLA that outlines Bagel's service commitments?,"Yes, you can obtain an SLA that outlines Bagel's service commitments by visiting bagel.net or contacting our support team for more information."
Is there an agreement specifying the performance standards Bagel adheres to?,"Yes, Bagel’s SLAs specify the performance standards we adhere to, including uptime guarantees and service reliability. More details are available at bagel.net."
How does Bagel handle high-volume data flows?,"Bagel handles high-volume data flows through its scalable infrastructure, which can process large datasets efficiently. Learn more about data handling at bagel.net."
What methods does Bagel use to manage large-scale data traffic?,"Bagel manages large-scale data traffic using load balancing, auto-scaling, and optimized data pipelines. You can read more about our methods at bagel.net."
"Can Bagel efficiently process significant amounts of data, and how?","Yes, Bagel is designed to efficiently process significant amounts of data using distributed computing and real-time analytics. Explore these features at bagel.net."
How is heavy data throughput managed on Bagel's platform?,Bagel manages heavy data throughput with its auto-scaling infrastructure and optimized data pipelines. You can learn more about our data processing capabilities at bagel.net.
What strategies are in place for handling extensive data flows within Bagel?,"Bagel employs strategies like load balancing, distributed computing, and real-time processing to handle extensive data flows. More information can be found at bagel.net."
What is the expected latency when processing data?,"Bagel offers low-latency data processing, ensuring real-time performance for most applications. For specific latency details, visit bagel.net."
How quickly does Bagel process data requests?,"Bagel processes data requests in real-time with low latency, ensuring fast response times for most applications. More information can be found at bagel.net."
What are the typical data processing delays on Bagel's platform?,"Typical data processing delays on Bagel’s platform are minimal, thanks to our optimized infrastructure. For detailed latency information, visit bagel.net."
Can you provide information on the latency for data operations in Bagel?,"Bagel offers low-latency data operations, with real-time processing for most tasks. Detailed latency statistics are available at bagel.net."
What processing speeds can users anticipate when using Bagel?,"Users can expect high processing speeds on Bagel, with minimal delays and real-time data handling. Visit bagel.net for more information on performance."
Can I monitor the performance of my applications on Bagel?,"Yes, Bagel provides tools for monitoring the performance of your applications in real-time. You can access these monitoring tools through your account at bagel.net."
Is it possible to track my application's performance within Bagel's ecosystem?,"Yes, Bagel allows you to track your application’s performance using built-in monitoring tools. Visit bagel.net for more details on performance tracking."
Does Bagel offer tools for observing app performance metrics?,"Yes, Bagel offers tools for observing app performance metrics in real time. You can monitor various performance indicators directly from your dashboard at bagel.net."
Can I access dashboards to monitor how my applications are running on Bagel?,"Yes, Bagel provides dashboards that allow you to monitor the performance of your applications. You can access these dashboards by logging into your account at bagel.net."
Are performance monitoring features available for apps deployed on Bagel?,"Yes, Bagel offers performance monitoring features for apps deployed on the platform. You can view metrics and monitor your app's performance in real time at bagel.net."
What is Bagel's roadmap for future developments?,"Bagel has an exciting roadmap for future developments, including new features and enhancements. You can stay updated on our roadmap by visiting bagel.net."
Can you share Bagel's plans for upcoming features and updates?,"Yes, Bagel regularly releases updates and new features. You can stay informed about upcoming features and updates by checking our blog or roadmap at bagel.net."
What future enhancements does Bagel intend to implement?,"Bagel plans to implement several enhancements focused on improving performance, adding new APIs, and expanding AI capabilities. Keep an eye on our roadmap at bagel.net for more details."
Is there a development roadmap available for Bagel's platform?,"Yes, Bagel has a development roadmap available that outlines upcoming features and improvements. You can access it through our website at bagel.net."
What are Bagel's goals for future growth and innovation?,"Bagel aims to continue driving innovation in AI, scaling its infrastructure, and expanding its feature set. Learn more about our future goals at bagel.net."
How can I participate in beta testing new features?,"You can participate in beta testing new features by signing up for our beta testing program. To join, visit bagel.net and fill out the application form."
Is there a way to join Bagel's beta testing program?,"Yes, Bagel offers a beta testing program for users who want to try upcoming features before their official release. You can sign up for the program at bagel.net."
How do I sign up to test Bagel's upcoming features before official release?,"To sign up for early access to Bagel's upcoming features, visit bagel.net and register for our beta testing program."
Can I be involved in early access trials for new Bagel functionalities?,"Yes, Bagel offers early access trials for new functionalities. You can participate by joining our beta testing program at bagel.net."
What steps should I take to become a beta tester for Bagel?,"To become a beta tester for Bagel, visit bagel.net, sign up for our beta testing program, and you’ll be notified when new features are available for testing."
Are there opportunities to contribute to the Bagel ecosystem?,"Yes, Bagel offers opportunities for users to contribute to its ecosystem. You can learn more about contributing by visiting bagel.net."
Can I get involved in developing or enhancing Bagel's platform?,"Yes, users can get involved in enhancing Bagel’s platform by participating in beta tests, contributing feedback, and collaborating on projects. Visit bagel.net for more info."
How can users contribute to Bagel's ecosystem or projects?,"Users can contribute to Bagel’s ecosystem by joining our community, providing feedback, and participating in collaborative projects. More details are available at bagel.net."
Are there collaboration opportunities within Bagel for external contributors?,"Yes, Bagel encourages external contributors to collaborate on projects and provide valuable insights. You can explore collaboration opportunities at bagel.net."
What avenues are available for me to contribute to Bagel's growth?,"You can contribute to Bagel’s growth by joining our community, providing feedback, participating in beta programs, and collaborating on new features. More info is at bagel.net."
Does Bagel have an open-source component?,"Yes, Bagel supports open-source initiatives and contributes to open-source projects. You can explore our open-source involvement at bagel.net."
Is any part of Bagel's platform available as open-source software?,"Yes, parts of Bagel's platform are available as open-source software. You can learn more about our open-source offerings at bagel.net."
Does Bagel offer or support open-source projects?,"Yes, Bagel actively supports and contributes to open-source projects. You can find more information about our open-source contributions at bagel.net."
Can I access Bagel's codebase under an open-source license?,"Bagel provides certain open-source tools and libraries, but the main platform is not available under an open-source license. You can explore Bagel’s open-source offerings at bagel.net."
Are there open-source tools or libraries provided by Bagel?,"Yes, Bagel offers open-source tools and libraries that you can access. Check out the available open-source resources at bagel.net."
How can I stay updated on the latest announcements?,"To stay updated on the latest announcements, follow Bagel on X (formerly Twitter) or subscribe to our newsletter. You can also check out our blog at bagel.net."
What is the best way to receive news and updates from Bagel?,The best way to receive news and updates from Bagel is to subscribe to our newsletter or follow us on social media platforms like X (formerly Twitter). Visit bagel.net for more details.
How do I keep informed about Bagel's latest developments?,"You can keep informed about Bagel’s latest developments by following our blog, subscribing to the newsletter, and staying connected on social media platforms like X (formerly Twitter). Check bagel.net for more info."
Are there newsletters or mailing lists for Bagel announcements?,"Yes, Bagel offers newsletters and mailing lists where you can receive announcements and updates. Sign up for the newsletter at bagel.net."
Where can I follow Bagel's most recent news and updates?,"You can follow Bagel's most recent news and updates on our blog, newsletter, and social media accounts like X (formerly Twitter). Visit bagel.net to stay connected."
How do I manage my account settings?,You can manage your account settings by logging into your Bagel account and navigating to the settings section. More information is available at bagel.net.
Where can I adjust my Bagel account preferences?,You can adjust your account preferences by going to your account settings dashboard after logging into Bagel. Access this feature at bagel.net.
How can I update my settings within my Bagel account?,"To update your settings, log into your Bagel account and navigate to the 'Account Settings' section, where you can adjust preferences. More details can be found at bagel.net."
What steps do I take to manage my account details on Bagel?,"To manage your account details, log into Bagel, go to the settings section, and make changes to your profile or preferences. For more help, visit bagel.net."
Can you guide me on how to access and change my account settings?,"To access and change your account settings, log into your Bagel account and click on 'Account Settings.' You can update your preferences there. More help is available at bagel.net."
What is the process for resetting my password?,"To reset your password, visit the login page on bagel.net and click on 'Forgot Password.' Follow the instructions to reset it."
How can I reset my Bagel account password?,You can reset your Bagel account password by clicking 'Forgot Password' on the login page and following the reset process. More information is available at bagel.net.
What do I need to do to change or recover my password?,"To change or recover your password, go to the login page, click 'Forgot Password,' and follow the prompts to reset it. More details are available at bagel.net."
Can you explain how to initiate a password reset?,"To initiate a password reset, visit the login page at bagel.net, click on 'Forgot Password,' and follow the instructions provided."
What's the procedure if I've forgotten my password?,"If you’ve forgotten your password, simply go to the login page at bagel.net and select 'Forgot Password' to reset it."
How can I upgrade or downgrade my service plan?,"To upgrade or downgrade your service plan, log into your Bagel account, go to 'Account Settings,' and select the option to change your plan. For more help, visit bagel.net."
What steps are involved in changing my subscription level?,"You can change your subscription level by logging into Bagel, navigating to 'Account Settings,' and selecting a new plan. Further assistance can be found at bagel.net."
How do I switch to a different Bagel service plan?,"Switching to a different service plan is easy—just log into your account, go to 'Account Settings,' and select the plan you wish to switch to. For more details, visit bagel.net."
"Can I adjust my plan to a higher or lower tier, and how?","Yes, you can adjust your plan to a higher or lower tier by logging into your Bagel account and navigating to the subscription section under 'Account Settings.' More info is available at bagel.net."
How can I modify my current service package with Bagel?,"To modify your current service package, log into your Bagel account, go to 'Account Settings,' and choose the option to change your plan. You can find more information at bagel.net."
What are the terms of service and privacy policy?,Bagel’s terms of service and privacy policy define how the platform operates and how your data is handled. You can review these documents at bagel.net.
Where can I find Bagel's terms of service and privacy policy documents?,You can find Bagel's terms of service and privacy policy on our website. Visit bagel.net to access the documents.
Can you provide details on your service terms and how you handle privacy?,"Bagel’s service terms cover the usage guidelines, while our privacy policy outlines how we handle your data. Both documents are available for review at bagel.net."
What are the rules and privacy guidelines for using Bagel's platform?,"Bagel’s platform rules and privacy guidelines are outlined in our terms of service and privacy policy, available at bagel.net."
How does Bagel define its terms of use and privacy practices?,"Bagel defines its terms of use and privacy practices through detailed documentation, including a terms of service agreement and privacy policy. You can read these at bagel.net."
How do I close my account if needed?,"To close your account, log into your Bagel account, go to 'Account Settings,' and select the option to delete or deactivate your account. More details can be found at bagel.net."
What is the procedure for deleting my Bagel account?,"To delete your Bagel account, navigate to the 'Account Settings' page, and select 'Delete Account.' Follow the instructions provided to complete the process. Visit bagel.net for more help."
How can I terminate my account with Bagel?,You can terminate your account by going to the 'Account Settings' section in your Bagel dashboard and selecting the account deletion option. More information is available at bagel.net.
Can you guide me through the process of closing my account?,"To close your Bagel account, log in, go to 'Account Settings,' and choose 'Delete Account.' Follow the steps to complete the process. For more assistance, visit bagel.net."
What steps do I need to take to deactivate my Bagel account?,"To deactivate your Bagel account, log into your account, go to 'Account Settings,' and select the option to deactivate or delete your account. Full details are available at bagel.net."
Can I request a live demo or presentation?,"Yes, Bagel offers live demos and presentations upon request. You can schedule a demo by visiting bagel.net and filling out the request form."
Is it possible to schedule a live demonstration or presentation?,"Yes, you can schedule a live demonstration of Bagel’s platform by visiting bagel.net and requesting a demo through our contact page."
Can you provide me with a live walkthrough or demo?,"Yes, Bagel offers live walkthroughs and demos. You can request one by contacting us through bagel.net."
How can I arrange for a live presentation of your platform?,"To arrange a live presentation of Bagel’s platform, visit bagel.net and request a demo or contact our team for scheduling."
Do you offer live demos or presentations upon request?,"Yes, Bagel offers live demos and presentations upon request. You can schedule one by visiting bagel.net or contacting our sales team."
Does Bagel offer any certifications or training programs?,"Yes, Bagel offers certifications and training programs to help users get the most out of the platform. You can explore available programs at bagel.net."
Are there certification courses or training programs provided by Bagel?,"Yes, Bagel provides certification courses and training programs. To learn more and enroll, visit the training section at bagel.net."
Can I enroll in any training or certification programs offered by Bagel?,"Yes, you can enroll in training and certification programs offered by Bagel. Visit bagel.net to explore available courses and certifications."
Does Bagel have educational programs that include certifications?,"Yes, Bagel offers educational programs that include certifications. To find out more about our certification programs, visit bagel.net."
Are there any training sessions or certifications available through Bagel?,"Yes, Bagel provides training sessions and certifications to help users master the platform. You can sign up for these programs at bagel.net."
How does Bagel support the development of autonomous AIs?,"Bagel supports the development of autonomous AIs by providing a robust infrastructure that allows for scalable machine learning, real-time data processing, and AI model training. Learn more at bagel.net."
In what ways does Bagel facilitate the creation of autonomous AI systems?,"Bagel facilitates the creation of autonomous AI systems by offering tools and resources that help developers design, train, and deploy AI models efficiently. More details are available at bagel.net."
How does your platform aid in developing self-governing artificial intelligences?,"Bagel aids in the development of self-governing AIs by providing an environment for machine learning algorithms to evolve, with support for real-time data processing and scalable infrastructure. Visit bagel.net to learn more."
What support does Bagel provide for building autonomous AI technologies?,"Bagel offers support for building autonomous AI technologies through APIs, developer tools, and scalable cloud infrastructure, enabling faster development and deployment. Explore our resources at bagel.net."
Can you explain how Bagel assists in the advancement of autonomous AI development?,"Bagel assists in autonomous AI development by providing a powerful platform for training and deploying AI models, with built-in support for large-scale data processing and automation. More details can be found at bagel.net."
"What does ""Artificial General Infrastructure for Artificial General Intelligence"" mean in practical terms?","In practical terms, 'Artificial General Infrastructure for Artificial General Intelligence' refers to the foundational tools and frameworks Bagel provides to enable the development and deployment of AGI models at scale. Learn more at bagel.net."
"Can you explain the practical meaning of ""Artificial General Infrastructure for Artificial General Intelligence""?","Artificial General Infrastructure for Artificial General Intelligence' means Bagel offers the essential infrastructure to support the development of AI systems that can perform a wide variety of tasks, much like human intelligence. More details at bagel.net."
"What does it mean in real-world applications when you say ""Artificial General Infrastructure for AGI""?","In real-world applications, 'Artificial General Infrastructure for AGI' refers to Bagel’s platform that allows developers to build and test AI models capable of handling diverse tasks and decision-making processes. Learn more at bagel.net."
"How does the concept of ""Artificial General Infrastructure for AGI"" translate into practical use?",Bagel’s 'Artificial General Infrastructure for AGI' translates into practical use by providing developers with the tools to create AI models that can generalize across multiple domains and tasks. Explore this concept further at bagel.net.
"Could you break down what ""Artificial General Infrastructure for Artificial General Intelligence"" means in everyday terms?","In everyday terms, 'Artificial General Infrastructure for AGI' means Bagel provides the core tools and technologies needed to build AI that can learn and adapt to many different kinds of tasks, similar to human intelligence. More information is available at bagel.net."
How can I get involved or collaborate with Bagel's initiatives?,"You can get involved with Bagel’s initiatives by joining our community, participating in beta programs, or contributing to open-source projects. Visit bagel.net to learn more."
What steps can I take to participate in Bagel's projects or initiatives?,"To participate in Bagel’s projects, you can sign up for beta testing, join our forums, or contribute to ongoing projects. Visit bagel.net for more details."
How do I collaborate with Bagel on their ongoing efforts?,You can collaborate with Bagel by joining our community or participating in collaborative projects and open-source efforts. Explore collaboration opportunities at bagel.net.
Are there opportunities for me to get involved with Bagel's work?,"Yes, Bagel offers various opportunities for you to get involved, such as through beta programs, contributing feedback, or joining development efforts. Visit bagel.net for more information."
How can I contribute to or join in on Bagel's initiatives?,"You can contribute to Bagel’s initiatives by participating in beta testing, providing feedback, or joining open-source projects. Check out how to get involved at bagel.net."
What is Bagel?,"Bagel is a platform that provides scalable infrastructure for developing, deploying, and managing AI and machine learning models. Learn more about Bagel’s capabilities at bagel.net."
Can you explain what Bagel is?,"Bagel is a cloud-based platform that offers infrastructure and tools for AI and machine learning development, supporting everything from small-scale projects to large-scale AI systems. More information can be found at bagel.net."
What exactly is Bagel?,"Bagel is a platform designed to help developers build, train, and deploy AI and machine learning models efficiently and at scale. Visit bagel.net to learn more."
Could you tell me about Bagel?,"Bagel is a platform that provides a suite of tools and infrastructure for AI and machine learning development, enabling scalable and efficient deployment of models. Learn more at bagel.net."
What does Bagel refer to in this context?,"In this context, Bagel refers to a cloud-based platform that supports the development and deployment of AI and machine learning technologies. More details are available at bagel.net."
What does Bagel do exactly?,"Bagel provides infrastructure, tools, and support for developers to build, train, and deploy AI and machine learning models, enabling scalable and efficient AI development. More info can be found at bagel.net."
Can you describe the specific functions of Bagel?,"Bagel provides tools and infrastructure for building, deploying, and scaling AI and machine learning models. It supports data processing, model training, and real-time AI applications. More details at bagel.net."
What are the exact services or products that Bagel offers?,"Bagel offers cloud-based services that include AI model training, deployment, real-time data processing, and API integrations to support scalable machine learning operations. Learn more at bagel.net."
What activities or operations is Bagel involved in?,"Bagel is involved in AI infrastructure services, machine learning model deployment, and real-time data processing, helping businesses and developers manage AI workloads efficiently. Explore our offerings at bagel.net."
Could you explain precisely what Bagel's role is?,"Bagel’s role is to provide a comprehensive platform for developers and businesses to build, deploy, and manage AI and machine learning models, with a focus on scalability and performance. Visit bagel.net for more details."
How can Bagel benefit me or my business?,"Bagel can benefit your business by providing a scalable AI infrastructure, enabling faster AI model deployment, real-time analytics, and cost-effective machine learning solutions. Learn how Bagel can help you at bagel.net."
In what ways could Bagel be advantageous for me or my company?,"Bagel can streamline your AI and machine learning operations, improve data processing speeds, and reduce costs through scalable cloud solutions. Discover more benefits at bagel.net."
How might I or my business gain from using Bagel?,"By using Bagel, you can gain access to powerful AI tools, improve your data handling, and deploy machine learning models quickly and efficiently, which can boost your business operations. More information is available at bagel.net."
What benefits does Bagel provide to individuals or businesses like mine?,"Bagel offers benefits like cost-effective AI infrastructure, scalability for growing businesses, and tools to accelerate AI development and deployment. See how Bagel can benefit you at bagel.net."
Can you explain how Bagel can help me or enhance my business operations?,"Bagel enhances business operations by offering a platform that simplifies AI development, deployment, and scaling, saving time and reducing costs. Learn more about how Bagel can help at bagel.net."
"Is Bagel a product, a service, or a platform?","Bagel is a platform that provides cloud-based services and tools for AI and machine learning model development, deployment, and scaling. You can learn more at bagel.net."
"What type of offering is Bagel—product, service, or platform?","Bagel is a platform offering services for AI and machine learning development, including model training, deployment, and real-time data processing. Visit bagel.net for more details."
"Is Bagel considered a platform, a service, or a standalone product?","Bagel is considered a platform that offers a range of AI and machine learning services, designed to help businesses and developers scale their AI operations. Learn more at bagel.net."
"Can you clarify whether Bagel is a product, service, or platform?",Bagel is a platform that offers services to support the development and deployment of AI and machine learning models. More details are available at bagel.net.
"How would you categorize Bagel: as a service, product, or platform?","Bagel is best categorized as a platform that provides cloud-based AI and machine learning services, including infrastructure and development tools. Visit bagel.net for more info."
How does Bagel's technology work in simple terms?,"Bagel's technology works by providing cloud-based infrastructure that allows developers to build, train, and deploy AI models. It offers APIs, real-time data processing, and scalable solutions to support AI operations. More details at bagel.net."
Can you explain Bagel's technology in easy-to-understand language?,"Bagel’s technology lets you use cloud services to develop and deploy AI models. You send your data, train your AI, and Bagel handles the heavy lifting with its powerful infrastructure. Learn more at bagel.net."
How does the technology behind Bagel function in basic terms?,"Bagel functions by providing cloud infrastructure where developers can upload data, train AI models, and deploy them to handle tasks in real time. More information is available at bagel.net."
Could you simplify how Bagel's technology operates?,"Bagel's technology operates by offering cloud-based tools for building and deploying AI models. You focus on your model, and Bagel provides the infrastructure to support it. Learn more at bagel.net."
What is a simple explanation of how Bagel's tech works?,"Bagel’s tech works by allowing developers to upload data, train machine learning models, and deploy them to perform tasks. Bagel handles all the background processing and scaling. More at bagel.net."
"Who is Bagel intended for—individuals, businesses, or developers?","Bagel is designed for developers, businesses, and organizations that need scalable AI and machine learning solutions. More details on who Bagel serves are available at bagel.net."
"Is Bagel designed for personal use, business use, or for developers?","Bagel is primarily designed for developers and businesses that want to build, deploy, and scale AI models. For more information, visit bagel.net."
"Who are the primary users of Bagel: individuals, companies, or developers?",The primary users of Bagel are developers and companies that need scalable AI and machine learning solutions. Learn more about who Bagel serves at bagel.net.
"Does Bagel cater to developers, businesses, or individual consumers?","Bagel caters primarily to developers and businesses, offering tools and infrastructure for building, deploying, and scaling AI models. More information at bagel.net."
"Can you tell me whether Bagel is meant for developers, businesses, or personal users?",Bagel is meant for developers and businesses who want to integrate AI and machine learning solutions into their operations. Visit bagel.net to learn more.
Do I need any technical expertise to use Bagel?,"While Bagel is designed with developers in mind, some technical expertise is helpful. However, there are resources available to help beginners get started. Explore our platform at bagel.net."
Is technical knowledge required to utilize Bagel?,"Yes, some technical knowledge is required to fully utilize Bagel, especially for AI model deployment and development. However, resources and support are available to assist. Visit bagel.net to learn more."
Can someone without technical skills use Bagel effectively?,"Bagel is primarily designed for users with technical skills, such as developers. However, there are guides and resources to help beginners get started at bagel.net."
Does using Bagel necessitate any specific technical expertise?,"Yes, using Bagel does require some technical expertise, particularly in areas like AI and machine learning development. However, tutorials and support are available at bagel.net."
Will I need technical background to operate Bagel's services?,"A technical background is recommended for operating Bagel’s services, especially for tasks like AI model training and deployment. Find out more at bagel.net."
What makes Bagel different from other AI or machine learning companies?,"Bagel stands out by offering a scalable, cloud-based platform designed to simplify AI and machine learning model development, deployment, and scaling. Learn more at bagel.net."
How does Bagel stand out among other AI and machine learning firms?,"Bagel differentiates itself by providing a developer-friendly platform with built-in scalability, real-time processing, and extensive support for AI and machine learning models. Visit bagel.net for details."
What sets Bagel apart from its competitors in AI or ML?,"What sets Bagel apart is its focus on providing a highly scalable infrastructure that is easy for developers to use, with extensive tools for AI deployment and real-time data processing. More details at bagel.net."
In what ways is Bagel unique compared to other companies in the AI/ML field?,"Bagel is unique because it offers a cloud-based platform that integrates both machine learning model deployment and real-time data processing, with a focus on scalability and ease of use. Learn more at bagel.net."
Can you explain the distinctive features of Bagel versus other AI companies?,"Bagel’s distinctive features include a scalable cloud infrastructure, developer-friendly tools, and real-time AI processing capabilities, making it stand out in the AI space. Explore our features at bagel.net."
How can I get started with Bagel?,"To get started with Bagel, simply sign up at bagel.net, choose a plan, and begin exploring our tools for AI and machine learning development."
What are the first steps to begin using Bagel?,"The first steps to begin using Bagel are signing up at bagel.net, selecting a plan, and following the setup instructions to start building or deploying your AI models."
How do I initiate my journey with Bagel's services?,"To initiate your journey with Bagel, create an account at bagel.net, choose the services that suit your needs, and explore our resources to get started."
Can you guide me on how to start with Bagel?,"To start with Bagel, visit bagel.net, sign up, and select a plan that fits your needs. From there, you can begin building or deploying AI models using our platform."
What should I do to begin working with Bagel?,"To begin working with Bagel, simply sign up on bagel.net, choose a plan, and start exploring our AI tools and infrastructure."
Is there a cost associated with using Bagel?,"Yes, there is a cost associated with using Bagel, depending on the plan and services you select. For detailed pricing information, visit bagel.net."
Do I need to pay to use Bagel's services?,"Yes, Bagel’s services are subscription-based, with various pricing plans depending on your usage needs. You can find more information on pricing at bagel.net."
Are there any fees for accessing Bagel?,"Yes, there are fees for accessing Bagel’s services, which vary based on the plan you choose. You can review pricing and plans at bagel.net."
"Is Bagel free to use, or does it require payment?","Bagel is not free to use. It requires a subscription, with various pricing plans depending on your usage needs. For more details, visit bagel.net."
What costs are involved in utilizing Bagel?,"The costs for using Bagel depend on the plan you select, ranging from basic to premium services. You can check the pricing details at bagel.net."
Does Bagel offer customer support or training?,"Yes, Bagel offers customer support and training programs to help users get the most out of the platform. Learn more about available resources at bagel.net."
Is customer service or training provided by Bagel?,"Yes, Bagel provides customer service and training resources to help users. You can access support and training options through bagel.net."
Can I access support or training resources through Bagel?,"Yes, you can access both support and training resources through Bagel’s website. Visit bagel.net to explore your options."
Does Bagel have options for user support and training programs?,"Yes, Bagel offers a range of user support and training programs. You can find detailed information about these resources at bagel.net."
Are there customer assistance and training services available from Bagel?,"Yes, Bagel provides customer assistance and training services to help users navigate the platform. You can learn more about these services at bagel.net."
Can you explain Bagel's services in layman's terms?,"In simple terms, Bagel helps businesses and developers build, deploy, and manage AI models. It provides the tools and infrastructure to make AI development easier and faster. Learn more at bagel.net."
Could you describe what Bagel does in simple language?,"Bagel is a platform that helps people create and manage AI systems. It offers tools that make it easier to build, train, and run AI models without needing to manage all the complex technical details. More info at bagel.net."
How would you explain Bagel's services to someone without technical knowledge?,"Bagel provides an easy way for businesses to use AI. It takes care of the complicated parts, allowing users to focus on building and using AI models to solve problems. Learn more at bagel.net."
Can you simplify the explanation of Bagel's offerings?,"Bagel simplifies AI development by offering a platform that handles the technical aspects, like data processing and model deployment, so users can focus on the results. Visit bagel.net for more details."
What is an easy-to-understand overview of Bagel's services?,"Bagel provides tools that let you build and run AI models, without needing to worry about the underlying infrastructure. It’s designed to make AI accessible and scalable. More info at bagel.net."
What problems does Bagel solve?,"Bagel solves problems related to the complexity of building and scaling AI models. It simplifies data processing, model deployment, and scalability for businesses. Learn more at bagel.net."
What issues or challenges does Bagel address?,"Bagel addresses challenges like managing large-scale data, deploying AI models efficiently, and handling the technical infrastructure needed for AI projects. More details are available at bagel.net."
How does Bagel help in solving specific problems?,"Bagel helps solve problems by providing scalable infrastructure for AI development, making it easier to process data, deploy models, and manage AI projects without the technical hassle. Learn more at bagel.net."
What kind of problems is Bagel designed to solve?,"Bagel is designed to solve problems like slow AI deployment, difficult data processing, and the challenge of scaling AI models as projects grow. Explore how Bagel helps at bagel.net."
Can you outline the solutions Bagel provides to common issues?,"Bagel provides solutions for data processing, AI model deployment, and scaling AI projects efficiently. It makes these processes simpler for businesses and developers. More info at bagel.net."
Is Bagel suitable for beginners interested in AI?,"Yes, Bagel offers resources and training for beginners interested in AI, making it accessible to those just starting out. Visit bagel.net to explore beginner-friendly options."
Can newcomers to AI effectively use Bagel?,"Yes, newcomers to AI can use Bagel, especially with the help of tutorials and support provided on the platform. It's designed to cater to both beginners and advanced users. Learn more at bagel.net."
Is Bagel appropriate for people just starting out in AI?,"Yes, Bagel is appropriate for people just starting out in AI, as it offers training resources and user-friendly tools that make learning easier. Get started at bagel.net."
Does Bagel cater to beginners who are exploring AI?,"Yes, Bagel caters to beginners who are exploring AI by offering guides, tutorials, and easy-to-use tools for getting started. You can find these resources at bagel.net."
Is Bagel user-friendly for those new to artificial intelligence?,"Yes, Bagel is user-friendly and provides resources to help users new to AI get started. You can explore tutorials and beginner guides at bagel.net."
How does Bagel handle privacy and security?,"Bagel takes privacy and security seriously by using encryption, secure data storage, and strict access controls. You can learn more about our approach at bagel.net."
What measures does Bagel take to ensure privacy and security?,"Bagel ensures privacy and security by implementing encryption for data at rest and in transit, along with multi-factor authentication and regular security audits. More details are available at bagel.net."
How are privacy and security managed within Bagel's platform?,"Bagel manages privacy and security through data encryption, secure access protocols, and constant monitoring to prevent breaches. Learn more about our security practices at bagel.net."
Can you explain Bagel's approach to privacy and data security?,"Bagel’s approach to privacy and data security includes encryption, secure data storage, strict access controls, and compliance with data protection regulations like GDPR. Visit bagel.net for more details."
What does Bagel do to protect user privacy and secure data?,"Bagel protects user privacy by encrypting data at rest and in transit, ensuring secure access control, and regularly auditing security practices. More info can be found at bagel.net."
What industries or sectors does Bagel cater to?,"Bagel caters to a wide range of industries, including healthcare, finance, retail, and technology. Learn more about the industries we serve at bagel.net."
Which industries can benefit from using Bagel?,"Industries like healthcare, finance, retail, technology, and more can benefit from using Bagel’s AI and machine learning solutions. Explore more at bagel.net."
What sectors does Bagel primarily serve?,"Bagel primarily serves sectors like healthcare, finance, retail, and tech by offering scalable AI and machine learning solutions. Visit bagel.net for more information."
Is Bagel tailored for specific industries or is it industry-agnostic?,"Bagel is industry-agnostic and can be applied to various sectors such as healthcare, finance, and retail, but it’s designed to be flexible for any use case. Learn more at bagel.net."
Can you list the fields or sectors where Bagel is applicable?,"Bagel is applicable in fields such as healthcare, finance, retail, tech, and more. It’s designed to be flexible across industries. Discover more at bagel.net."
Where can I find more information or resources about Bagel?,"You can find more information and resources about Bagel by visiting our website at bagel.net, where you'll find documentation, tutorials, and more."
Where should I look for additional details on Bagel?,"For additional details on Bagel, head over to bagel.net, where you can explore our resources, documentation, and blog."
How can I access more resources or info about Bagel?,"You can access more resources and information about Bagel through our website at bagel.net, where you’ll find tutorials, guides, and documentation."
Can you direct me to where I can learn more about Bagel?,"You can learn more about Bagel by visiting bagel.net, where we provide detailed documentation, tutorials, and resources for users."
What sources are available for further information on Bagel?,"Further information on Bagel is available through our website at bagel.net, which includes resources such as blogs, guides, and technical documentation."
Are there any case studies or success stories involving Bagel?,"Yes, Bagel has several case studies and success stories that showcase how our platform has been used effectively. You can read them at bagel.net."
Do you have examples of Bagel's success in real-world applications?,"Yes, we have examples of Bagel's success in real-world applications. Case studies and success stories are available at bagel.net."
Are there case studies showcasing how Bagel has been used effectively?,"Yes, you can find case studies showcasing how Bagel has been used effectively in various industries at bagel.net."
Can I read about any success stories related to Bagel?,"Yes, Bagel’s success stories are available on our website. Visit bagel.net to read more about how businesses have successfully used our platform."
Are there documented instances of Bagel solving problems successfully?,"Yes, Bagel has documented instances of solving real-world problems. You can read these case studies and success stories at bagel.net."
How does Bagel contribute to the field of artificial intelligence?,"Bagel contributes to the field of AI by providing scalable infrastructure for developing, deploying, and managing AI models, making AI accessible for a wide range of industries. Learn more at bagel.net."
What impact does Bagel have on AI development?,"Bagel impacts AI development by simplifying the deployment of machine learning models and providing scalable infrastructure, allowing businesses to innovate faster. Learn more at bagel.net."
In what ways is Bagel advancing the field of artificial intelligence?,"Bagel advances AI by offering a platform that enables faster, scalable AI development, and by supporting innovation across industries with its robust infrastructure. More details at bagel.net."
How is Bagel influencing the AI industry?,"Bagel is influencing the AI industry by making it easier for businesses to implement AI solutions at scale, thus accelerating AI adoption across various sectors. Learn more at bagel.net."
Can you explain Bagel's role in contributing to AI?,"Bagel’s role in AI is to provide scalable, easy-to-use infrastructure that helps developers and businesses build and deploy AI models efficiently. Learn more at bagel.net."
Can I see a demo or trial of Bagel's offerings?,"Yes, Bagel offers demos and trials of its platform. You can request a demo or sign up for a trial at bagel.net."
Is it possible to try out Bagel's services before committing?,"Yes, you can try out Bagel’s services before committing by signing up for a trial or requesting a demo at bagel.net."
Do you offer demos or trial versions of Bagel's platform?,"Yes, Bagel offers demos and trial versions of its platform. You can sign up for a demo or trial to explore the platform at bagel.net."
Can I access a demonstration or test run of what Bagel provides?,"Yes, you can access a demonstration or test run of Bagel’s platform by requesting a demo or signing up for a trial at bagel.net."
Are there opportunities to experience Bagel's offerings through a trial or demo?,"Yes, Bagel offers opportunities to experience the platform through a trial or demo. You can sign up for either at bagel.net."